{
  "project_info": {
    "project_number": "822253723662",
    "project_id": "signexpress-97514",
    "storage_bucket": "signexpress-97514.appspot.com"
  },
  "client": [
    {
      "client_info": {
        "mobilesdk_app_id": "1:822253723662:android:c50dc96d770c071963dc5f",
        "android_client_info": {
          "package_name": "com.dicoding.capstone.signexpress"
        }
      },
      "oauth_client": [],
      "api_key": [
        {
          "current_key": "AIzaSyDcuL8eVqleUB-sk0wg51GQvJ1adsARDmc"
        }
      ],
      "services": {
        "appinvite_service": {
          "other_platform_oauth_client": []
        }
      }
    }
  ],
  "configuration_version": "1"
}