{"v":"5.6.5","fr":30,"ip":0,"op":88,"w":3309,"h":5870,"nm":"2-3 Balls comp","ddd":0,"assets":[{"id":"comp_0","layers":[{"ddd":0,"ind":2,"ty":4,"nm":"Ball","sr":1,"ks":{"o":{"a":0,"k":100,"ix":11},"r":{"a":0,"k":0,"ix":10},"p":{"a":1,"k":[{"i":{"x":0.671,"y":0.671},"o":{"x":0.344,"y":0.344},"t":0.25,"s":[1658.273,2930.053,0],"to":[0,0,0],"ti":[0,0,0]},{"i":{"x":0.671,"y":0.671},"o":{"x":0.278,"y":0.278},"t":4,"s":[1658.273,2930.053,0],"to":[0,0,0],"ti":[0,0,0]},{"i":{"x":0.643,"y":0.986},"o":{"x":0.278,"y":0.401},"t":7,"s":[1658.273,2930.053,0],"to":[0,0,0],"ti":[0,0,0]},{"i":{"x":0.643,"y":0.643},"o":{"x":0.432,"y":0.432},"t":12,"s":[1806.106,2664.617,0],"to":[0,0,0],"ti":[0,0,0]},{"i":{"x":0.68,"y":0.612},"o":{"x":0.343,"y":0.009},"t":14,"s":[1806.106,2664.617,0],"to":[0,0,0],"ti":[0,0,0]},{"i":{"x":0.833,"y":0.764},"o":{"x":0.442,"y":0.401},"t":17.309,"s":[1955.818,2903.01,0],"to":[0,0,0],"ti":[0,0,0]},{"i":{"x":0.833,"y":0.833},"o":{"x":0.167,"y":0.167},"t":18.779,"s":[1955.682,3070.5,0],"to":[0,0,0],"ti":[0,0,0]},{"i":{"x":0.833,"y":0.833},"o":{"x":0.167,"y":0.167},"t":19.502,"s":[1906.867,3149.889,0],"to":[0,0,0],"ti":[0,0,0]},{"i":{"x":0.833,"y":0.833},"o":{"x":0.167,"y":0.167},"t":20.177,"s":[1837.68,3212.233,0],"to":[0,0,0],"ti":[0,0,0]},{"i":{"x":0.833,"y":0.833},"o":{"x":0.167,"y":0.167},"t":21.45,"s":[1655.4,3267.5,0],"to":[0,0,0],"ti":[0,0,0]},{"i":{"x":0.833,"y":0.833},"o":{"x":0.167,"y":0.167},"t":22.306,"s":[1520.313,3238.909,0],"to":[0,0,0],"ti":[0,0,0]},{"i":{"x":0.833,"y":0.833},"o":{"x":0.167,"y":0.167},"t":23.093,"s":[1411.911,3161.339,0],"to":[0,0,0],"ti":[0,0,0]},{"i":{"x":0.833,"y":0.833},"o":{"x":0.167,"y":0.167},"t":23.846,"s":[1342.706,3047.805,0],"to":[0,0,0],"ti":[0,0,0]},{"i":{"x":0.833,"y":0.833},"o":{"x":0.167,"y":0.167},"t":24.607,"s":[1324.305,2910.201,0],"to":[0,0,0],"ti":[0,0,0]},{"i":{"x":0.833,"y":0.833},"o":{"x":0.167,"y":0.167},"t":25.249,"s":[1352.788,2793.799,0],"to":[0,0,0],"ti":[0,0,0]},{"i":{"x":0.833,"y":0.833},"o":{"x":0.167,"y":0.167},"t":25.859,"s":[1418.755,2698.433,0],"to":[0,0,0],"ti":[0,0,0]},{"i":{"x":0.833,"y":0.833},"o":{"x":0.167,"y":0.167},"t":26.465,"s":[1513.791,2632.099,0],"to":[0,0,0],"ti":[0,0,0]},{"i":{"x":0.833,"y":0.833},"o":{"x":0.167,"y":0.167},"t":27.094,"s":[1630.048,2603.205,0],"to":[0,0,0],"ti":[0,0,0]},{"i":{"x":0.833,"y":0.833},"o":{"x":0.167,"y":0.167},"t":28.214,"s":[1825.868,2650.485,0],"to":[0,0,0],"ti":[0,0,0]},{"i":{"x":0.833,"y":0.833},"o":{"x":0.167,"y":0.167},"t":28.238,"s":[1829.173,2652.526,0],"to":[0,0,0],"ti":[0,0,0]},{"i":{"x":0.833,"y":0.833},"o":{"x":0.167,"y":0.167},"t":28.831,"s":[1901.802,2714.032,0],"to":[0,0,0],"ti":[0,0,0]},{"i":{"x":0.711,"y":0.732},"o":{"x":0.167,"y":0.167},"t":29.45,"s":[1955.681,2797.5,0],"to":[0,0,0],"ti":[0,0,0]},{"i":{"x":0.833,"y":0.847},"o":{"x":0.167,"y":0.154},"t":30.107,"s":[1955.818,2903.01,0],"to":[0,0,0],"ti":[0,0,0]},{"i":{"x":0.833,"y":0.833},"o":{"x":0.16,"y":0.148},"t":31.15,"s":[1955.682,3070.5,0],"to":[0,0,0],"ti":[0,0,0]},{"i":{"x":0.833,"y":0.833},"o":{"x":0.167,"y":0.167},"t":31.731,"s":[1906.867,3149.889,0],"to":[0,0,0],"ti":[0,0,0]},{"i":{"x":0.833,"y":0.833},"o":{"x":0.167,"y":0.167},"t":32.312,"s":[1837.68,3212.233,0],"to":[0,0,0],"ti":[0,0,0]},{"i":{"x":0.833,"y":0.833},"o":{"x":0.167,"y":0.167},"t":33.498,"s":[1655.4,3267.5,0],"to":[0,0,0],"ti":[0,0,0]},{"i":{"x":0.833,"y":0.833},"o":{"x":0.167,"y":0.167},"t":34.358,"s":[1520.313,3238.909,0],"to":[0,0,0],"ti":[0,0,0]},{"i":{"x":0.833,"y":0.833},"o":{"x":0.167,"y":0.167},"t":35.189,"s":[1411.911,3161.339,0],"to":[0,0,0],"ti":[0,0,0]},{"i":{"x":0.833,"y":0.833},"o":{"x":0.167,"y":0.167},"t":36.018,"s":[1342.706,3047.805,0],"to":[0,0,0],"ti":[0,0,0]},{"i":{"x":0.833,"y":0.833},"o":{"x":0.167,"y":0.167},"t":36.883,"s":[1324.305,2910.201,0],"to":[0,0,0],"ti":[0,0,0]},{"i":{"x":0.833,"y":0.833},"o":{"x":0.167,"y":0.167},"t":37.629,"s":[1352.788,2793.799,0],"to":[0,0,0],"ti":[0,0,0]},{"i":{"x":0.833,"y":0.833},"o":{"x":0.167,"y":0.167},"t":38.352,"s":[1418.755,2698.433,0],"to":[0,0,0],"ti":[0,0,0]},{"i":{"x":0.833,"y":0.833},"o":{"x":0.167,"y":0.167},"t":39.074,"s":[1513.791,2632.099,0],"to":[0,0,0],"ti":[0,0,0]},{"i":{"x":0.833,"y":0.833},"o":{"x":0.167,"y":0.167},"t":39.82,"s":[1630.048,2603.205,0],"to":[0,0,0],"ti":[0,0,0]},{"i":{"x":0.833,"y":0.833},"o":{"x":0.167,"y":0.167},"t":41.075,"s":[1825.868,2650.485,0],"to":[0,0,0],"ti":[0,0,0]},{"i":{"x":0.833,"y":0.833},"o":{"x":0.167,"y":0.167},"t":41.1,"s":[1829.173,2652.526,0],"to":[0,0,0],"ti":[0,0,0]},{"i":{"x":0.833,"y":0.833},"o":{"x":0.167,"y":0.167},"t":41.692,"s":[1901.802,2714.032,0],"to":[0,0,0],"ti":[0,0,0]},{"i":{"x":0.833,"y":0.833},"o":{"x":0.167,"y":0.167},"t":42,"s":[1878.681,2670.5,0],"to":[0,0,0],"ti":[0,0,0]},{"i":{"x":0.833,"y":0.833},"o":{"x":0.167,"y":0.167},"t":49,"s":[1878.681,2670.5,0],"to":[0,0,0],"ti":[0,0,0]},{"i":{"x":0.833,"y":0.833},"o":{"x":0.167,"y":0.167},"t":49.307,"s":[1901.802,2714.032,0],"to":[0,0,0],"ti":[0,0,0]},{"i":{"x":0.833,"y":0.833},"o":{"x":0.167,"y":0.167},"t":49.899,"s":[1829.173,2652.526,0],"to":[0,0,0],"ti":[0,0,0]},{"i":{"x":0.833,"y":0.833},"o":{"x":0.167,"y":0.167},"t":49.924,"s":[1825.868,2650.485,0],"to":[0,0,0],"ti":[0,0,0]},{"i":{"x":0.833,"y":0.833},"o":{"x":0.167,"y":0.167},"t":51.179,"s":[1630.048,2603.205,0],"to":[0,0,0],"ti":[0,0,0]},{"i":{"x":0.833,"y":0.833},"o":{"x":0.167,"y":0.167},"t":51.925,"s":[1513.791,2632.099,0],"to":[0,0,0],"ti":[0,0,0]},{"i":{"x":0.833,"y":0.833},"o":{"x":0.167,"y":0.167},"t":52.647,"s":[1418.755,2698.433,0],"to":[0,0,0],"ti":[0,0,0]},{"i":{"x":0.833,"y":0.833},"o":{"x":0.167,"y":0.167},"t":53.37,"s":[1352.788,2793.799,0],"to":[0,0,0],"ti":[0,0,0]},{"i":{"x":0.833,"y":0.833},"o":{"x":0.167,"y":0.167},"t":54.116,"s":[1324.305,2910.201,0],"to":[0,0,0],"ti":[0,0,0]},{"i":{"x":0.833,"y":0.833},"o":{"x":0.167,"y":0.167},"t":54.981,"s":[1342.706,3047.805,0],"to":[0,0,0],"ti":[0,0,0]},{"i":{"x":0.833,"y":0.833},"o":{"x":0.167,"y":0.167},"t":55.81,"s":[1411.911,3161.339,0],"to":[0,0,0],"ti":[0,0,0]},{"i":{"x":0.833,"y":0.833},"o":{"x":0.167,"y":0.167},"t":56.641,"s":[1520.313,3238.909,0],"to":[0,0,0],"ti":[0,0,0]},{"i":{"x":0.833,"y":0.833},"o":{"x":0.167,"y":0.167},"t":57.501,"s":[1655.4,3267.5,0],"to":[0,0,0],"ti":[0,0,0]},{"i":{"x":0.833,"y":0.833},"o":{"x":0.167,"y":0.167},"t":58.688,"s":[1837.68,3212.233,0],"to":[0,0,0],"ti":[0,0,0]},{"i":{"x":0.84,"y":0.852},"o":{"x":0.167,"y":0.167},"t":59.268,"s":[1906.867,3149.889,0],"to":[0,0,0],"ti":[0,0,0]},{"i":{"x":0.833,"y":0.846},"o":{"x":0.167,"y":0.153},"t":59.849,"s":[1955.682,3070.5,0],"to":[0,0,0],"ti":[0,0,0]},{"i":{"x":0.833,"y":0.833},"o":{"x":0.289,"y":0.268},"t":60.892,"s":[1955.818,2903.01,0],"to":[0,0,0],"ti":[0,0,0]},{"i":{"x":0.833,"y":0.833},"o":{"x":0.167,"y":0.167},"t":61.549,"s":[1955.681,2797.5,0],"to":[0,0,0],"ti":[0,0,0]},{"i":{"x":0.833,"y":0.833},"o":{"x":0.167,"y":0.167},"t":62.168,"s":[1901.802,2714.032,0],"to":[0,0,0],"ti":[0,0,0]},{"i":{"x":0.833,"y":0.833},"o":{"x":0.167,"y":0.167},"t":62.762,"s":[1829.173,2652.526,0],"to":[0,0,0],"ti":[0,0,0]},{"i":{"x":0.833,"y":0.833},"o":{"x":0.167,"y":0.167},"t":62.786,"s":[1825.868,2650.485,0],"to":[0,0,0],"ti":[0,0,0]},{"i":{"x":0.833,"y":0.833},"o":{"x":0.167,"y":0.167},"t":63.906,"s":[1630.048,2603.205,0],"to":[0,0,0],"ti":[0,0,0]},{"i":{"x":0.833,"y":0.833},"o":{"x":0.167,"y":0.167},"t":64.535,"s":[1513.791,2632.099,0],"to":[0,0,0],"ti":[0,0,0]},{"i":{"x":0.833,"y":0.833},"o":{"x":0.167,"y":0.167},"t":65.141,"s":[1418.755,2698.433,0],"to":[0,0,0],"ti":[0,0,0]},{"i":{"x":0.833,"y":0.833},"o":{"x":0.167,"y":0.167},"t":65.751,"s":[1352.788,2793.799,0],"to":[0,0,0],"ti":[0,0,0]},{"i":{"x":0.833,"y":0.833},"o":{"x":0.167,"y":0.167},"t":66.393,"s":[1324.305,2910.201,0],"to":[0,0,0],"ti":[0,0,0]},{"i":{"x":0.833,"y":0.833},"o":{"x":0.167,"y":0.167},"t":67.154,"s":[1342.706,3047.805,0],"to":[0,0,0],"ti":[0,0,0]},{"i":{"x":0.833,"y":0.833},"o":{"x":0.167,"y":0.167},"t":67.907,"s":[1411.911,3161.339,0],"to":[0,0,0],"ti":[0,0,0]},{"i":{"x":0.833,"y":0.833},"o":{"x":0.167,"y":0.167},"t":68.694,"s":[1520.313,3238.909,0],"to":[0,0,0],"ti":[0,0,0]},{"i":{"x":0.833,"y":0.833},"o":{"x":0.167,"y":0.167},"t":69.55,"s":[1655.4,3267.5,0],"to":[0,0,0],"ti":[0,0,0]},{"i":{"x":0.833,"y":0.833},"o":{"x":0.167,"y":0.167},"t":70.823,"s":[1837.68,3212.233,0],"to":[0,0,0],"ti":[0,0,0]},{"i":{"x":0.833,"y":0.833},"o":{"x":0.167,"y":0.167},"t":71.498,"s":[1906.867,3149.889,0],"to":[0,0,0],"ti":[0,0,0]},{"i":{"x":0.558,"y":0.599},"o":{"x":0.167,"y":0.236},"t":72.221,"s":[1955.682,3070.5,0],"to":[0,0,0],"ti":[0,0,0]},{"i":{"x":0.657,"y":0.991},"o":{"x":0.32,"y":0.388},"t":73.691,"s":[1955.818,2903.01,0],"to":[0,0,0],"ti":[0,0,0]},{"i":{"x":0.568,"y":0.568},"o":{"x":0.357,"y":0.357},"t":77,"s":[1806.106,2664.617,0],"to":[0,0,0],"ti":[0,0,0]},{"i":{"x":0.722,"y":0.599},"o":{"x":0.357,"y":0.014},"t":79,"s":[1806.106,2664.617,0],"to":[0,0,0],"ti":[0,0,0]},{"i":{"x":0.722,"y":0.722},"o":{"x":0.329,"y":0.329},"t":84,"s":[1658.273,2930.053,0],"to":[0,0,0],"ti":[0,0,0]},{"i":{"x":0.656,"y":0.656},"o":{"x":0.329,"y":0.329},"t":87,"s":[1658.273,2930.053,0],"to":[0,0,0],"ti":[0,0,0]},{"t":90.75,"s":[1658.273,2930.053,0]}],"ix":2},"a":{"a":0,"k":[54.095,-1.011,0],"ix":1},"s":{"a":1,"k":[{"i":{"x":[0.833,0.833,0.833],"y":[0.833,0.833,0.833]},"o":{"x":[0.167,0.167,0.167],"y":[0.167,0.167,0.167]},"t":0,"s":[100,100,100]},{"i":{"x":[0.833,0.833,0.833],"y":[0.833,0.833,0.833]},"o":{"x":[0.167,0.167,0.167],"y":[0.167,0.167,0.167]},"t":4,"s":[440,440,100]},{"i":{"x":[0.833,0.833,0.833],"y":[0.833,0.833,0.833]},"o":{"x":[0.167,0.167,0.167],"y":[0.167,0.167,0.167]},"t":87,"s":[440,440,100]},{"t":91,"s":[100,100,100]}],"ix":6}},"ao":0,"shapes":[{"ty":"gr","it":[{"d":2,"ty":"el","s":{"a":0,"k":[46,46],"ix":2},"p":{"a":0,"k":[0,0],"ix":3},"nm":"Ellipse Path 1","mn":"ADBE Vector Shape - Ellipse","hd":false},{"ty":"fl","c":{"a":0,"k":[0.250980392157,0.141176470588,0.827450980392,1],"ix":4},"o":{"a":0,"k":100,"ix":5},"r":1,"bm":0,"nm":"Fill 1","mn":"ADBE Vector Graphic - Fill","hd":false},{"ty":"tr","p":{"a":0,"k":[54.095,-1.011],"ix":2},"a":{"a":0,"k":[0,0],"ix":1},"s":{"a":0,"k":[100,100],"ix":3},"r":{"a":0,"k":0,"ix":6},"o":{"a":0,"k":100,"ix":7},"sk":{"a":0,"k":0,"ix":4},"sa":{"a":0,"k":0,"ix":5},"nm":"Transform"}],"nm":"Ellipse 1","np":3,"cix":2,"bm":0,"ix":1,"mn":"ADBE Vector Group","hd":false}],"ip":-6,"op":86,"st":-6,"bm":0}]}],"layers":[{"ddd":0,"ind":1,"ty":4,"nm":"C path only 2","td":1,"sr":1,"ks":{"o":{"a":0,"k":100,"ix":11},"r":{"a":0,"k":0,"ix":10},"p":{"a":0,"k":[1654.5,2935,0],"ix":2},"a":{"a":0,"k":[500,500,0],"ix":1},"s":{"a":0,"k":[103,103,100],"ix":6}},"ao":0,"shapes":[{"ty":"gr","it":[{"ind":0,"ty":"sh","ix":1,"ks":{"a":0,"k":{"i":[[5.5,16],[13.678,30.412],[22.063,24.985],[27.116,16.937],[1.106,0.674],[69.553,-4.835],[36.644,-16.803],[27.701,-27.822],[16.085,-35.455],[2.644,-40.504],[-15.786,-43.997],[-30.739,-33.091],[-40.872,-18.185],[-47.1,0],[-53.893,36.156],[-19.963,23.953],[-12.313,28.593],[-3,10]],"o":[[-4.919,-14.311],[-13.678,-30.412],[-21.1,-23.878],[-1.097,-0.687],[-58.585,-35.763],[-40.502,2.354],[-35.356,16.21],[-27.703,27.822],[-16.656,36.713],[-3.091,47.344],[15.182,42.244],[30.849,33.226],[42.326,18.833],[65.357,0],[25.952,-17.408],[20.074,-24.097],[0,0],[2.092,-6.973]],"v":[[334.552,-98.435],[320.733,-135.435],[263.354,-218.903],[190.725,-280.409],[187.42,-282.45],[-8.4,-329.73],[-124.657,-300.836],[-219.693,-234.502],[-285.66,-139.136],[-314.143,-22.734],[-295.742,114.87],[-226.537,228.404],[-118.135,305.974],[16.952,334.565],[199.232,279.298],[268.419,216.954],[319.234,137.565],[331.052,109.065]],"c":false},"ix":2},"nm":"Path 1","mn":"ADBE Vector Shape - Group","hd":false},{"ty":"st","c":{"a":0,"k":[0.250980392157,0.141176470588,0.827451040231,1],"ix":3},"o":{"a":0,"k":100,"ix":4},"w":{"a":0,"k":202,"ix":5},"lc":1,"lj":3,"bm":0,"nm":"Stroke 1","mn":"ADBE Vector Graphic - Stroke","hd":false},{"ty":"tr","p":{"a":0,"k":[484.948,498.935],"ix":2},"a":{"a":0,"k":[0,0],"ix":1},"s":{"a":0,"k":[100,100],"ix":3},"r":{"a":0,"k":0,"ix":6},"o":{"a":0,"k":100,"ix":7},"sk":{"a":0,"k":0,"ix":4},"sa":{"a":0,"k":0,"ix":5},"nm":"Transform"}],"nm":"Group 1","np":2,"cix":2,"bm":0,"ix":1,"mn":"ADBE Vector Group","hd":false},{"ty":"tm","s":{"a":0,"k":100,"ix":1},"e":{"a":1,"k":[{"i":{"x":[0.833],"y":[0.833]},"o":{"x":[0.167],"y":[0.167]},"t":30,"s":[100]},{"i":{"x":[0.833],"y":[0.833]},"o":{"x":[0.167],"y":[0.167]},"t":42,"s":[0]},{"i":{"x":[0.833],"y":[0.833]},"o":{"x":[0.167],"y":[0.167]},"t":46.25,"s":[0]},{"t":60.25,"s":[100]}],"ix":2},"o":{"a":0,"k":0,"ix":3},"m":1,"ix":2,"nm":"Trim Paths 1","mn":"ADBE Vector Filter - Trim","hd":false}],"ip":0,"op":87,"st":-6,"bm":0},{"ddd":0,"ind":2,"ty":4,"nm":"Clearcover_Monogram_RGB_CobaltWhiteBgnd Outlines 2","tt":1,"sr":1,"ks":{"o":{"a":0,"k":100,"ix":11},"r":{"a":0,"k":0,"ix":10},"p":{"a":0,"k":[1654.5,2935,0],"ix":2},"a":{"a":0,"k":[500,500,0],"ix":1},"s":{"a":0,"k":[102,102,100],"ix":6}},"ao":0,"shapes":[{"ty":"gr","it":[{"ind":0,"ty":"sh","ix":1,"ks":{"a":0,"k":{"i":[[0,0],[77,0],[-29.6,148.5],[-88.9,18.8],[-51.1,-70.1],[0,0],[193,0],[0,-240.5],[-240.5,0],[-57,173.9]],"o":[[-42.1,57.9],[-143.4,0],[17.8,-89.2],[97.3,-20.6],[0,0],[-57.2,-173.9],[-240.6,0],[0,240.6],[193.1,0],[0,0]],"v":[[198.1,136],[10.9,231.4],[-215.7,-47.5],[-39.7,-226],[198.1,-136],[424.7,-136],[10.9,-435.6],[-424.7,0],[10.9,435.6],[424.7,136]],"c":true},"ix":2},"nm":"Path 1","mn":"ADBE Vector Shape - Group","hd":false},{"ty":"fl","c":{"a":0,"k":[0.250980392157,0.141176470588,0.827450980392,1],"ix":4},"o":{"a":0,"k":100,"ix":5},"r":1,"bm":0,"nm":"Fill 1","mn":"ADBE Vector Graphic - Fill","hd":false},{"ty":"tr","p":{"a":0,"k":[491,500],"ix":2},"a":{"a":0,"k":[0,0],"ix":1},"s":{"a":0,"k":[100,100],"ix":3},"r":{"a":0,"k":0,"ix":6},"o":{"a":0,"k":100,"ix":7},"sk":{"a":0,"k":0,"ix":4},"sa":{"a":0,"k":0,"ix":5},"nm":"Transform"}],"nm":"Group 1","np":2,"cix":2,"bm":0,"ix":1,"mn":"ADBE Vector Group","hd":false}],"ip":0,"op":87,"st":0,"bm":0},{"ddd":0,"ind":3,"ty":0,"nm":"1-1 Ball","refId":"comp_0","sr":1,"ks":{"o":{"a":0,"k":100,"ix":11},"r":{"a":0,"k":240,"ix":10},"p":{"a":0,"k":[1654.5,2935,0],"ix":2},"a":{"a":0,"k":[1654.5,2935,0],"ix":1},"s":{"a":0,"k":[100,100,100],"ix":6}},"ao":0,"w":3309,"h":5870,"ip":0,"op":112,"st":0,"bm":0},{"ddd":0,"ind":5,"ty":0,"nm":"1-1 Ball","refId":"comp_0","sr":1,"ks":{"o":{"a":0,"k":100,"ix":11},"r":{"a":0,"k":120,"ix":10},"p":{"a":0,"k":[1654.5,2935,0],"ix":2},"a":{"a":0,"k":[1654.5,2935,0],"ix":1},"s":{"a":0,"k":[100,100,100],"ix":6}},"ao":0,"w":3309,"h":5870,"ip":0,"op":112,"st":0,"bm":0},{"ddd":0,"ind":6,"ty":0,"nm":"1-1 Ball","refId":"comp_0","sr":1,"ks":{"o":{"a":0,"k":100,"ix":11},"r":{"a":0,"k":0,"ix":10},"p":{"a":0,"k":[1654.5,2935,0],"ix":2},"a":{"a":0,"k":[1654.5,2935,0],"ix":1},"s":{"a":0,"k":[100,100,100],"ix":6}},"ao":0,"w":3309,"h":5870,"ip":0,"op":112,"st":0,"bm":0}],"markers":[]}